{
    "type": "FeatureCollection",
    "features": [
        {"type": "Feature", "id": 0, "geometry": {"type": "Point", "coordinates": [55.831903, 37.411961]}, "properties": {"balloonContent": "Содержимое балуна", "clusterCaption": "Еще одна метка", "hintContent": "Текст подсказки"}},
        {"type": "Feature", "id": 1, "geometry": {"type": "Point", "coordinates": [55.763338, 37.565466]}, "properties": {"balloonContent": "Содержимое балуна", "clusterCaption": "Еще одна метка", "hintContent": "Текст подсказки"}},
        {"type": "Feature", "id": 2, "geometry": {"type": "Point", "coordinates": [55.763338, 37.565466]}, "properties": {"balloonContent": "Содержимое балуна", "clusterCaption": "Еще одна метка", "hintContent": "Текст подсказки"}},
        {"type": "Feature", "id": 3, "geometry": {"type": "Point", "coordinates": [55.744522, 37.616378]}, "properties": {"balloonContent": "Содержимое балуна", "clusterCaption": "Еще одна метка", "hintContent": "Текст подсказки"}},
        {"type": "Feature", "id": 4, "geometry": {"type": "Point", "coordinates": [55.780898, 37.642889]}, "properties": {"balloonContent": "Содержимое балуна", "clusterCaption": "Еще одна метка", "hintContent": "Текст подсказки"}},
        {"type": "Feature", "id": 5, "geometry": {"type": "Point", "coordinates": [55.793559, 37.435983]}, "properties": {"balloonContent": "Содержимое балуна", "clusterCaption": "Еще одна метка", "hintContent": "Текст подсказки"}},
        
    ]
}