{
    "type": "FeatureCollection",
    "features": [
        {"type": "Feature", "id": 0, "geometry": {"type": "Point", "coordinates": [55.831903, 37.411961]}, "properties": {"name": "yar1"}, "click": {"modal": "mapModal"}},
        {"type": "Feature", "id": 1, "geometry": {"type": "Point", "coordinates": [55.763338, 37.565466]}, "properties": {"name": "yar2"}, "click": {"modal": "mapModal"}},
        {"type": "Feature", "id": 3, "geometry": {"type": "Point", "coordinates": [55.744522, 37.616378]}, "properties": {"name": "yar3"}, "click": {"modal": "mapModal1"}},
        {"type": "Feature", "id": 4, "geometry": {"type": "Point", "coordinates": [55.780898, 37.642889]}, "properties": {"name": "yar4"}, "click": {"modal": "mapModal1"}},
        {"type": "Feature", "id": 5, "geometry": {"type": "Point", "coordinates": [55.793559, 37.435983]}, "properties": {"name": "yar5"}, "click": {"modal": "mapModal1"}}
        
    ]
}